{"cameraMode":{"drawMode":0,"name":"Shaded","section":"Shading Mode"},"sceneLighting":true,"audioPlay":false,"sceneViewState":{"showFog":true,"showMaterialUpdate":true,"showSkybox":true,"showFlares":true,"showImageEffects":true,"showParticleSystems":true},"in2DMode":false,"pivot":{"x":24.104883193969728,"y":19.994550704956056,"z":31.443349838256837},"rotation":{"x":-0.03266582265496254,"y":0.943905234336853,"z":-0.09834166616201401,"w":-0.3135358989238739},"size":24.02454948425293,"orthographic":false}