{"cameraMode":{"drawMode":0,"name":"Shaded","section":"Shading Mode"},"sceneLighting":true,"audioPlay":false,"sceneViewState":{"showFog":true,"showMaterialUpdate":true,"showSkybox":true,"showFlares":true,"showImageEffects":true,"showParticleSystems":true},"in2DMode":false,"pivot":{"x":14.604333877563477,"y":-2.5056262016296388,"z":-36.49370574951172},"rotation":{"x":-0.11208676546812058,"y":-0.1030125841498375,"z":0.011682085692882538,"w":-0.9882755279541016},"size":21.86648941040039,"orthographic":false}