{"cameraMode":{"drawMode":0,"name":"Shaded","section":"Shading Mode"},"sceneLighting":false,"audioPlay":false,"sceneViewState":{"showFog":true,"showMaterialUpdate":true,"showSkybox":true,"showFlares":true,"showImageEffects":true,"showParticleSystems":true},"in2DMode":false,"pivot":{"x":0.0,"y":2.37129282951355,"z":-0.000003814697265625},"rotation":{"x":-0.262527197599411,"y":-0.24362161755561829,"z":0.06868738681077957,"w":-0.9311337471008301},"size":13.008195877075196,"orthographic":false}