{"cameraMode":{"drawMode":0,"name":"Shaded","section":"Shading Mode"},"sceneLighting":false,"audioPlay":false,"sceneViewState":{"showFog":true,"showMaterialUpdate":true,"showSkybox":true,"showFlares":true,"showImageEffects":true,"showParticleSystems":true},"in2DMode":false,"pivot":{"x":-2.499994993209839,"y":-0.09739789366722107,"z":-5.0},"rotation":{"x":-0.262527197599411,"y":-0.24362161755561829,"z":0.06868738681077957,"w":-0.9311337471008301},"size":18.450353622436525,"orthographic":false}